time_step,sensor_1,value,rolling_mean_30,rolling_std_30,stft_centroid_30
0,61,61,23,0,30
1,62,62,25,2,30
2,62,62,26,2,30
3,63,63,28,4,30
4,63,63,29,4,30
5,62,62,29,4,30
6,63,63,30,4,30
7,63,63,30,3,30
8,63,63,30,3,30
9,63,63,31,4,30
10,63,63,31,3,30
11,61,61,31,4,30
12,62,62,31,3,30
13,63,63,31,4,30
14,63,63,31,3,30
15,64,64,32,4,30
16,64,64,32,4,30
17,64,64,32,4,30
18,66,66,33,6,30
19,66,66,34,6,30
20,66,66,35,7,30
21,67,67,35,8,30
22,66,66,36,8,30
23,67,67,36,8,30
24,67,67,37,9,30
25,67,67,37,9,30
26,67,67,38,10,30
27,69,69,39,10,30
28,69,69,39,11,30
29,70,70,40,12,30
30,66,66,41,11,30
31,67,67,42,11,30
32,67,67,43,11,30
33,67,67,43,11,30
34,66,66,44,11,30
35,64,64,44,11,30
36,63,63,44,11,30
37,62,62,44,11,30
38,63,63,44,11,30
39,63,63,44,11,30
40,62,62,44,11,30
41,63,63,44,10,30
42,61,61,44,11,30
43,60,60,43,12,30
44,59,59,43,13,30
45,57,57,42,15,30
46,56,56,41,17,30
47,58,58,40,18,30
48,60,60,39,18,30
49,78,78,41,22,30
50,89,89,44,32,30
51,64,64,43,32,30
52,27,27,38,47,30
53,16,16,30,64,30
54,0,0,21,86,30
55,36,36,16,89,30
56,53,53,14,88,30
57,59,59,13,88,30
58,61,61,11,87,30
59,61,61,10,87,30
60,61,61,9,86,30
61,61,61,9,86,33
62,62,62,8,86,34
63,62,62,7,85,36
64,61,61,6,85,37
65,62,62,6,85,39
66,61,61,6,85,40
67,62,62,6,85,42
68,64,64,6,85,43
69,64,64,6,85,45
70,64,64,6,85,46
71,64,64,7,85,47
72,63,63,7,85,49
73,66,66,8,85,49
74,65,65,9,86,52
75,66,66,10,86,53
76,68,68,11,86,55
77,68,68,13,87,55
78,69,69,14,87,58
79,71,71,13,86,59
80,72,72,11,82,61
81,74,74,12,83,61
82,74,74,19,79,64
83,75,75,28,69,65
84,76,76,39,38,67
85,76,76,45,28,68
86,76,76,48,27,70
87,76,76,51,28,71
88,76,76,53,29,73
89,75,75,55,29,74
90,72,72,56,28,72
91,70,70,58,28,70
92,66,66,58,27,68
93,65,65,59,27,66
94,62,62,59,26,63
95,61,61,59,27,61
96,59,59,58,27,59
97,60,60,58,28,57
98,61,61,58,28,55
99,60,60,57,29,53
100,61,61,57,29,51
101,62,62,56,30,49
102,60,60,56,30,47
103,61,61,55,31,44
104,61,61,55,32,42
105,61,61,54,32,40
106,60,60,53,33,38
107,62,62,52,33,36
108,61,61,51,34,34
109,62,62,49,34,32
110,62,62,48,34,30
111,61,61,46,33,27
112,62,62,44,32,24
113,61,61,42,31,23
114,61,61,40,30,21
115,61,61,38,28,19
116,60,60,35,25,17
117,60,60,33,22,15
118,59,59,30,18,13
119,58,58,28,15,11
120,59,59,26,11,11
121,57,57,24,8,11
122,57,57,23,7,11
123,57,57,22,7,11
124,56,56,21,8,11
125,54,54,20,10,11
126,53,53,19,12,11
127,53,53,18,13,11
128,51,51,16,15,11
129,50,50,15,17,11
130,50,50,13,19,11
131,50,50,12,20,11
132,51,51,10,21,11
133,53,53,9,21,11
134,55,55,8,21,11
135,55,55,7,20,11
136,57,57,7,20,11
137,57,57,6,20,11
138,59,59,6,20,11
139,59,59,6,19,11
140,61,61,5,19,11
141,61,61,5,19,11
142,60,60,5,18,11
143,61,61,5,18,11
144,62,62,5,19,12
145,61,61,5,19,12
146,61,61,6,19,12
147,62,62,6,19,12
148,61,61,6,19,12
149,62,62,7,20,12
150,62,62,7,20,12
151,62,62,8,21,12
152,62,62,8,21,12
153,61,61,9,22,12
154,61,61,10,22,12
155,60,60,11,22,12
156,60,60,12,21,12
157,59,59,13,21,12
158,58,58,14,20,12
159,58,58,15,18,12
160,58,58,16,16,12
161,57,57,17,14,12
162,58,58,18,12,12
163,59,59,19,10,12
164,60,60,20,9,12
165,62,62,21,8,12
166,63,63,22,8,12
167,65,65,23,8,12
168,67,67,24,10,12
169,69,69,25,12,12
170,72,72,27,16,12
171,73,73,29,19,12
172,75,75,31,22,12
173,78,78,33,26,12
174,79,79,36,30,12
175,82,82,39,35,12
176,83,83,42,39,12
177,84,84,45,42,12
178,85,85,49,46,12
179,84,84,52,48,12
180,85,85,56,51,11
181,84,84,59,53,11
182,84,84,62,54,10
183,84,84,65,55,10
184,82,82,69,55,10
185,82,82,72,55,9
186,80,80,75,55,9
187,79,79,78,53,9
188,77,77,80,51,8
189,76,76,83,49,8
190,76,76,86,47,6
191,75,75,88,44,6
192,74,74,91,40,6
193,73,73,93,37,6
194,73,73,95,34,6
195,71,71,96,32,5
196,72,72,97,29,5
197,71,71,98,27,5
198,70,70,99,26,4
199,69,69,99,26,4
200,69,69,98,27,3
201,69,69,97,28,3
202,68,68,96,29,3
203,67,67,95,31,2
204,63,63,92,33,2
205,62,62,90,35,2
206,61,61,86,37,1
207,58,58,83,39,1
208,52,52,78,42,0
209,36,36,71,53,0
210,0,0,58,83,2
211,19,19,49,94,5
212,28,28,40,98,6
213,65,65,38,97,10
214,91,91,39,99,12
215,79,79,39,98,15
216,62,62,36,97,17
217,56,56,33,96,20
218,57,57,30,95,22
219,56,56,27,94,24
220,56,56,24,93,27
221,56,56,21,92,30
222,55,55,18,92,32
223,56,56,16,91,35
224,55,55,13,90,37
225,57,57,11,89,40
226,55,55,9,88,42
227,57,57,7,87,45
228,57,57,5,86,47
229,58,58,3,85,49
230,62,62,2,85,52
231,63,63,1,84,55
232,62,62,0,83,57
233,62,62,0,83,60
234,63,63,0,83,61
235,65,65,0,83,65
236,63,63,0,83,67
237,61,61,0,83,70
238,62,62,2,84,72
239,62,62,6,82,75
240,62,62,15,61,73
241,59,59,21,48,71
242,61,61,25,37,69
243,61,61,25,37,67
244,60,60,20,23,66
245,61,61,17,15,64
246,61,61,17,15,61
247,61,61,18,14,60
248,61,61,19,14,58
249,62,62,19,14,55
250,62,62,20,13,54
251,62,62,21,13,53
252,62,62,22,12,51
253,60,60,23,11,49
254,60,60,24,10,47
255,61,61,24,10,45
256,60,60,25,8,43
257,59,59,25,7,41
258,60,60,26,7,40
259,60,60,26,6,38
260,60,60,26,6,36
261,59,59,25,6,34
262,58,58,24,7,32
263,59,59,24,7,30
264,60,60,24,7,27
265,58,58,23,6,27
266,57,57,22,6,24
267,58,58,21,6,23
268,57,57,21,7,21
269,58,58,20,7,19
270,59,59,20,7,22
271,59,59,20,7,24
272,60,60,20,7,27
273,61,61,20,7,30
274,61,61,20,7,33
275,62,62,20,7,35
276,63,63,20,7,38
277,63,63,21,8,40
278,65,65,21,9,43
279,66,66,22,10,46
280,84,84,25,24,48
281,99,99,30,42,51
282,72,72,32,43,54
283,35,35,28,50,55
284,25,25,23,60,59
285,7,7,15,78,61
286,41,41,13,80,64
287,57,57,12,80,67
288,63,63,13,80,70
289,62,62,13,80,72
290,62,62,13,80,75
291,61,61,14,80,78
292,60,60,14,80,80
293,59,59,14,80,83
294,59,59,14,80,86
295,58,58,14,80,88
296,58,58,14,80,91
297,57,57,14,80,94
298,58,58,14,80,96
299,57,57,14,80,99
